raw_label	aadr_isogg	tree_label
B219	N1a1a1a1a3a2	N1a1a1a1a3a2
CT	CT	CT
CTS10743	I2a1b1a2b1a~	I2a1b1a2b1a~
CTS4348	I2a1b1a2b1~	I2a1b1a2b1~
CTS4472	G2a2b2a1a1c1a	G2a2b2a1a1c1a
F	F	F
F4205	N1a1a1a1a3a	N1a1a1a1a3a
F4218	N1a1a1a1a	N1a1a1a1a
FGC725	G2a1a1a1a1a1	G2a1a1a1a1a1
G-BY27899	G2a2b2a1a1b	G2a2b2a1a1b
G-S23438	G2a2b2a1a1b1a1a2a1a1	G2a2b2a1a1b1a1a2a1a1
G-Z16775	G2a2b2a1a1b1a1a2b	G2a2b2a1a1b1a1a2b
G-Z1823	G2a2b2a1a1b	G2a2b2a1a1b
H-P96	H	H
HIJK	HIJK	HIJK
I	I	I
I-A8742	I2a1a2a1a2a	I2a1a2a1a2a
I-BY37269	I2a1a2a1a2a	I2a1a2a1a2a
I-CTS10057	I2a1b1a2	I2a1b1a2
I-CTS11603	I1a1b1b~	I1a1b1b~
I-CTS616	I2a1b1a	I2a1b1a
I-DF29	I1	I1
I-DF29	I1a	I1a
I-L1193	I2a1b1a1a1b	I2a1b1a1a1b
I-L1195	I2a1b1a1a1	I2a1b1a1a1
I-L1425	I2a1b1a2b1a2b	I2a1b1a2b1a2b
I-L1498	I2a1a2a1a	I2a1a2a1a
I-L160	I2a1a1a1a1	I2a1a1a1a1
I-L161	I2a1a2	I2a1a2
I-L623	I2a1b1a2b2	I2a1b1a2b2
I-M284	I2a1b1a1a	I2a1b1a1a
I-M423	I2a1a2	I2a1a2
I-M436	I2a1b	I2a1b
I-P109	I1a1b1a1	I1a1b1a1
I-PF692	I2a1b1b	I2a1b1b
I-S21825	I2a1a1b	I2a1a1b
I-S2555	I2a1b2	I2a1b2
I-Y10626	I2a1b1a1a2~	I2a1b1a1a2~
I-Y10720	I2a1b2	I2a1b2
I-Y15022	I1a1b1a3a~	I1a1b1a3a~
I-Y3000	I1a2a1a1d1a1a	I1a2a1a1d1a1a
I-Y3104	I2a1a2	I2a1a2
I-Y3259	I2a1b1	I2a1b1
I-Y3684	I2a1b1a1a1b1a	I2a1b1a1a1b1a
I-Y3709	I2a1b1a1a1	I2a1b1a1a1
I-Y3712	I2a1b1a1a1b	I2a1b1a1a1b
I-Y3749	I2a1a2	I2a1a2
I-Y6098	I2a1b1b	I2a1b1b
I-Z105	I2a1a1a1a1a1~	I2a1a1a1a1a1~
I-Z2336	I1	I1
I-Z59	I1	I1
I1	I1	I1
I2	I2	I2
I2d-Y3710	I2a2a	I2a2a
J-PF7321	J2b1	J2b1
L151/PF6542	R1b1a1b1a1a	R1b1a1b1a1a
L160	I2a1a1a1a1	I2a1a1a1a1
L160/PF4013/S184	I2a1a1a1a1	I2a1a1a1a1
L618	E1b1b1a1b1	E1b1b1a1b1
M2018	N1a1a1a1a	N1a1a1a1a
M223	I2a1b1	I2a1b1
M269	R1b1a1b	R1b1a1b
M423	I2a1a2	I2a1a2
P-P337	P1	P1
P310/PF6546/S129	R1b1a1b1a1	R1b1a1b1a1
P312	R1b1a1b1a1a2	R1b1a1b1a1a2
P37.2	I2a1a	I2a1a
P37.2/PF4004	I2a1a	I2a1a
P96	H2	H2
PF3177	G2a2a1a	G2a2a1a
PF6570	R1b1a1b1a1a2b	R1b1a1b1a1a2b
Q-L334,Q-L330	Q1a2a1c	Q1a2a1c
Q-L527	Q1b2b1~	Q1b2b1~
R-A11001	R1b1a1b1a1a2c1	R1b1a1b1a1a2c1
R-A1101	R1b1a1b1a1a2c1a1k	R1b1a1b1a1a2c1a1k
R-A11676	R1b1a1b1a1a2c1	R1b1a1b1a1a2c1
R-A14	R1b1a1b1a1a2c1a4b2b1	R1b1a1b1a1a2c1a4b2b1
R-A286	R1b1a1b1a1a2c1a3b	R1b1a1b1a1a2c1a3b
R-A7208	R1b1a1b1a1a1c1a2b	R1b1a1b1a1a1c1a2b
R-BY11117	R1b1a1b1a1a2c1a5c2	R1b1a1b1a1a2c1a5c2
R-BY173541	R1b1a1b1a1a2c1a1k	R1b1a1b1a1a2c1a1k
R-BY23570	R1b1a1b1a1a2c1a1d	R1b1a1b1a1a2c1a1d
R-BY23924	R1b1a1b1a1a2c1a1a	R1b1a1b1a1a2c1a1a
R-BY28643	R1b1a1b1a1a2c1	R1b1a1b1a1a2c1
R-BY33481	R1b1a1b1a1a2c1a6a	R1b1a1b1a1a2c1a6a
R-BY9003	R1b1a1b1a1a2c1	R1b1a1b1a1a2c1
R-CTS241	R1b1a1b1a1a2c1a	R1b1a1b1a1a2c1a
R-CTS4466	R1b1a1b1a1a2c1a3a2	R1b1a1b1a1a2c1a3a2
R-CTS6919	R1b1a1b1a1a2c1b1	R1b1a1b1a1a2c1b1
R-DF1	R1b1a1b1a1a2c1a2	R1b1a1b1a1a2c1a2
R-DF109	R1b1a1b1a1a2c1a1a1a1a1a1a	R1b1a1b1a1a2c1a1a1a1a1a1a
R-DF13	R1b1a1b1a1a2c1	R1b1a1b1a1a2c1
R-DF21	R1b1a1b1a1a2c1a5	R1b1a1b1a1a2c1a5
R-DF23	R1b1a1b1a1a2c1a1a1a1	R1b1a1b1a1a2c1a1a1a1
R-DF27	R1b1a1b1a1a2a	R1b1a1b1a1a2a
R-DF27 > Z195 > Z198	R1b1a1b1a1a2a1b	R1b1a1b1a1a2a1b
R-DF49	R1b1a1b1a1a2c1a1a	R1b1a1b1a1a2c1a1a
R-DF5	R1b1a1b1a1a2c1a5b1a1a	R1b1a1b1a1a2c1a5b1a1a
R-DF63	R1b1a1b1a1a2c1	R1b1a1b1a1a2c1
R-DF63	R1b1a1b1a1a2c1b	R1b1a1b1a1a2c1b
R-DF96	R1b1a1b1a1a1c1a2	R1b1a1b1a1a1c1a2
R-FGC12384	R1b1a1b1a1a2b1c1b	R1b1a1b1a1a2b1c1b
R-FGC14823	R1b1a1b1a1a1c1a1	R1b1a1b1a1a1c1a1
R-FGC19428	R1b1a1b1a1a2c1a1i3	R1b1a1b1a1a2c1a1i3
R-FGC3236	R1b1a1b1a1a2c1a4b3a	R1b1a1b1a1a2c1a4b3a
R-FGC36421	R1b1a1b1a1a2c1b2a1a1a	R1b1a1b1a1a2c1b2a1a1a
R-FGC49766	R1b1a1b1a1a2c1a1b	R1b1a1b1a1a2c1a1b
R-FGC5494	R1b1a1b1a1a2c1a6	R1b1a1b1a1a2c1a6
R-L151	R1b1a1b1a1a	R1b1a1b1a1a
R-L151 > A8053	R1b1a1b1a1a4	R1b1a1b1a1a4
R-L151 > P312 > DF27 > ZZ12 > Y30817	R1b1a1b1a1a2a (R-DF27)	R1b1a1b1a1a2a (R-DF27)
R-L2	R1b1a1b1a1a2b1	R1b1a1b1a1a2b1
R-L2 > DF110 > BY42653	R1b1a1b1a1a2b1 (R-L2)	R1b1a1b1a1a2b1 (R-L2)
R-L20	R1b1a1b1a1a2b1	R1b1a1b1a1a2b1
R-L21	R1b1a1b1a1a2c1	R1b1a1b1a1a2c1
R-L448	R1a1a1b1a3a1	R1a1a1b1a3a1
R-L51	R1b1a1b1a	R1b1a1b1a
R-L52	R1b1a1b1a1	R1b1a1b1a1
R-L617	R1b1a1b1a1a2a2a	R1b1a1b1a1a2a2a
R-L754	R1b	R1b
R-M269	R1b1a1b	R1b1a1b
R-P297	R1b1a1	R1b1a1
R-P312	R1b1a1b1a1a2	R1b1a1b1a1a2
R-P312 > DF19 > Z302	R1b1a1b1a1a2e2	R1b1a1b1a1a2e2
R-P312 > U152 > L2	R1b1a1b1a1a2b1	R1b1a1b1a1a2b1
R-PF6475,R-M269	R1b1a2	R1b1a2
R-S1051	R1b1a1b1a1a2c1a1i	R1b1a1b1a1a2c1a1i
R-S1088	R1b1a1b1a1a2c1a6a1	R1b1a1b1a1a2c1a6a1
R-S1200	R1b1a1b1a1a	R1b1a1b1a1a
R-S14469	R1b1a1b1a1a2b1	R1b1a1b1a1a2b1
R-S261	R1b1a1b1a1a1b	R1b1a1b1a1a1b
R-S264	R1b1a1b1a1a1c1	R1b1a1b1a1a1c1
R-S2880	R1a1a1a1d1~	R1a1a1a1d1~
R-S3207	R1b1a1b1a1a	R1b1a1b1a1a
R-S375	R1b1a1b1a1a1b1a	R1b1a1b1a1a1b1a
R-S4268	R1b1a1b1a1a2e1	R1b1a1b1a1a2e1
R-S461	R1b1a1b1a1a2c	R1b1a1b1a1a2c
R-S493	R1b1a1b1a1a1b	R1b1a1b1a1a1b
R-S5488	R1b1a1b1a1a2c1a5c	R1b1a1b1a1a2c1a5c
R-S5668	R1b1a1b1a1a2c1a2a	R1b1a1b1a1a2c1a2a
R-S6790	R1a1a1b1a3a1a3b2~	R1a1a1b1a3a1a3b2~
R-S7402	R1b1a1b1a1a2b1c1b	R1b1a1b1a1a2b1c1b
R-Y11273	R1b1a1b1a1a2c1	R1b1a1b1a1a2c1
R-Y12651	R1b1a1b1a1a2c1a5b1a1a2	R1b1a1b1a1a2c1a5b1a1a2
R-Y14529	R1b1a1b1a1a2a	R1b1a1b1a1a2a
R-Y17997	R1b1a1b1a1a2b1	R1b1a1b1a1a2b1
R-Y22190	R1b1a1b1a1a2b1	R1b1a1b1a1a2b1
R-Y2890	R1b1a1b1a1a2c1a5	R1b1a1b1a1a2c1a5
R-Y30608	R1b1a1b1a1a2a1b1a1a~	R1b1a1b1a1a2a1b1a1a~
R-Y30754	R1b1a1b1a1a2a	R1b1a1b1a1a2a
R-Y3267	R1b1a1b1a1a2a	R1b1a1b1a1a2a
R-Y3470	R1b1a1b1a1a2a1a2	R1b1a1b1a1a2a1a2
R-Y5305	R1b1a1b1a1a2c1a1h	R1b1a1b1a1a2c1a1h
R-Y83965	R1b1a1b	R1b1a1b
R-Y85515	R1b1a1b1a1a2a	R1b1a1b1a1a2a
R-YP1187	R1a1a1	R1a1a1
R-YP1395	R1a1a1	R1a1a1
R-Z16436	R1b1a1b1a1a2c1	R1b1a1b1a1a2c1
R-Z16887	R1b1a1b1a1a2c1a1k	R1b1a1b1a1a2c1a1k
R-Z2185	R1b1a1b1a1a2c1	R1b1a1b1a1a2c1
R-Z2186	R1b1a1b1a1a2c1	R1b1a1b1a1a2c1
R-Z2245	R1b1a1b1a1a2d1	R1b1a1b1a1a2d1
R-Z251	R1b1a1b1a1a2c1	R1b1a1b1a1a2c1
R-Z253	R1b1a1b1a1a2c1	R1b1a1b1a1a2c1
R-Z2534	R1b1a1b1a1a2c1	R1b1a1b1a1a2c1
R-Z260	R1b1a1b1a1a2c	R1b1a1b1a1a2c
R-Z2961	R1b1a1b1a1a2c1a1a1a1a	R1b1a1b1a1a2c1a1a1a1a
R-Z30597	R1b1a1b1a1a2	R1b1a1b1a1a2
R-Z330	R1b1a1b1a1a1c2b	R1b1a1b1a1a1c2b
R-Z53	R1b1a1b1a1a2b1c1a1a1	R1b1a1b1a1a2b1c1a1a1
R-Z645	R1a1a1	R1a1a1
R-Z7	R1b1a1b1a1a1c2b	R1b1a1b1a1a1c2b
R1b-V1636	R1b1a2	R1b1a2
S205	R1a1a1b1a2a	R1a1a1b1a2a
S2205	I1a2a1a1a1b	I1a2a1a1a1b
S228/Z198	R1b1a1b1a1a2a1b	R1b1a1b1a1a2a1b
Y11941	Q1b1a3b	Q1b1a3b
Y16310	N1a1a1a1a3a	N1a1a1a1a3a
Y50	R1a1a1b2a2b2~	R1a1a1b2a2b2~
Y7240	I2a1b1a1b2	I2a1b1a1b2
YP817	Q1a2a1a4a~	Q1a2a1a4a~
Z141	I1a2a1a1a	I1a2a1a1a
Z195	R1b1a1b1a1a2a1	R1b1a1b1a1a2a1
Z195/S227	R1b1a1b1a1a2a1	R1b1a1b1a1a2a1
Z2123	R1a1a1b2a2a1	R1a1a1b2a2a1
n/a  (sex unknown)	n/a  (sex unknown)	n/a  (sex unknown)
n/a (female)	n/a (female)	n/a (female)
n/a(Female)	n/a(Female)	n/a(Female)
n/a(SexUnknown)	n/a(SexUnknown)	n/a(SexUnknown)
